DESCRIPTION,RATING,REVIEWS COUNT,IMAGE,LINK,2021-02-06,2021-02-07,2021-02-08,2021-02-09,2021-02-10,2021-02-11,2021-02-12,2021-02-13,2021-02-14,2021-02-15,2021-02-16,2021-02-17,2021-02-18,2021-02-19,2021-02-20,2021-02-21,2021-02-22,2021-02-23,2021-02-24,2021-02-25,2021-02-26,2021-02-27,2021-02-28,2021-03-01,2021-03-02,2021-03-03,2021-03-04,2021-03-05,2021-03-06,2021-03-07
"Samsung Galaxy M31 Prime Edition (Space Black, 6GB RAM, 128GB)",4.2 out of 5 stars,132946,https://images-na.ssl-images-amazon.com/images/I/71zb0UaK0PL._SY879_.jpg,https://www.amazon.in/gp/slredirect/picassoRedirect.html/ref=pa_sp_atf_aps_sr_pg1_1?ie=UTF8&adId=A066826523L6L4UWOF2H6&url=%2FSamsung-Galaxy-Prime-Space-Storage%2Fdp%2FB085J1D8BH%2Fref%3Dsr_1_1_sspa%3Fdchild%3D1%26keywords%3DSamsung%2BMobiles%26qid%3D1612346885%26sr%3D8-1-spons%26psc%3D1&qualifier=1612346885&id=8455987155997923&widgetName=sp_atf,16499,15999,unavailable,unavailable,unavailable,15999,15999,16499,16499,16499,unavailable,unavailable,15999,unavailable,15999,16499,16499,16499,16499,16499,15999,unavailable,unavailable,16499,16499,unavailable,unavailable,unavailable,unavailable,unavailable
"Samsung Galaxy M51 (Electric Blue, 6GB RAM, 128GB)",4.4 out of 5 stars,31750,https://images-na.ssl-images-amazon.com/images/I/710weRkP-nL._SY879_.jpg,https://www.amazon.in/gp/slredirect/picassoRedirect.html/ref=pa_sp_atf_aps_sr_pg1_1?ie=UTF8&adId=A001905017M56YG5OE548&url=%2FSamsung-Galaxy-Electric-Blue-128GB-Storage%2Fdp%2FB085J1J32G%2Fref%3Dsr_1_2_sspa%3Fdchild%3D1%26keywords%3DSamsung%2BMobiles%26qid%3D1612346885%26sr%3D8-2-spons%26psc%3D1&qualifier=1612346885&id=8455987155997923&widgetName=sp_atf,22999,22999,22999,22999,22999,22999,22999,22999,22999,22999,22999,22999,22999,22999,22999,22999,22999,22999,22999,22999,22999,22999,22999,22999,22999,22999,22999,22999,22999,22999
"Samsung Galaxy M21 (Midnight Blue, 4GB RAM, 64GB)",4.2 out of 5 stars,90071,https://images-na.ssl-images-amazon.com/images/I/71dujTTJDZL._SY879_.jpg,https://www.amazon.in/Samsung-Galaxy-Midnight-Blue-Storage/dp/B07HGJJ559/ref=sr_1_3?dchild=1&keywords=Samsung+Mobiles&qid=1612346885&sr=8-3,13999,13999,13999,13999,13999,13999,13999,13999,13999,12999,12999,12999,12999,12999,12999,12999,12999,12999,12999,12999,12999,12999,12999,13999,13999,12999,12999,12999,13999,13999
"Samsung Galaxy M31 (Ocean Blue, 6GB RAM, 128GB)",4.2 out of 5 stars,132946,https://images-na.ssl-images-amazon.com/images/I/71-Su4Wr0HL._SY879_.jpg,https://www.amazon.in/Samsung-Galaxy-Ocean-128GB-Storage/dp/B07HGGYWL6/ref=sr_1_4?dchild=1&keywords=Samsung+Mobiles&qid=1612346885&sr=8-4,16499,unavailable,unavailable,unavailable,16499,16499,16499,16499,16499,16499,16499,16499,16499,16499,16499,16499,16499,16499,16499,16499,16499,16499,16499,16499,16499,16499,16499,16499,16499,16499
"Samsung Galaxy M01 (Black, 3GB RAM, 32GB)",3.9 out of 5 stars,10189,https://images-na.ssl-images-amazon.com/images/I/81onqHVeECL._SY879_.jpg,https://www.amazon.in/Samsung-Galaxy-Storage-Additional-Exchange/dp/B086KCCMCP/ref=sr_1_5?dchild=1&keywords=Samsung+Mobiles&qid=1612346885&sr=8-5,7499,7499,7499,7499,7499,7499,7499,7499,7499,7499,7499,7499,7499,7499,7499,7499,7499,7499,7499,7775,7499,8050,8050,7499,7499,8990,8290,8145,8145,8990
"Samsung Galaxy M01 Core (Black, 2GB RAM, 32GB)",3.4 out of 5 stars,9406,https://images-na.ssl-images-amazon.com/images/I/71AYb2AGHXL._SY879_.jpg,https://www.amazon.in/Samsung-Galaxy-Storage-Additional-Exchange/dp/B089MQ622N/ref=sr_1_6?dchild=1&keywords=Samsung+Mobiles&qid=1612346885&sr=8-6,5999,5999,5999,5999,5999,5999,5999,5999,5999,5999,5999,5999,5999,5999,5999,5999,5999,5999,5999,5999,5999,5999,5999,5999,5999,5999,5999,5999,5999,5999
"Samsung Galaxy M31 Prime Edition (Space Black, 6GB RAM, 128GB)",4.2 out of 5 stars,132946,https://images-na.ssl-images-amazon.com/images/I/71zb0UaK0PL._SY879_.jpg,https://www.amazon.in/Samsung-Galaxy-Prime-Space-Storage/dp/B085J1D8BH/ref=sr_1_7?dchild=1&keywords=Samsung+Mobiles&qid=1612346885&sr=8-7,16499,15999,unavailable,unavailable,unavailable,15999,15999,16499,16499,16499,unavailable,unavailable,15999,unavailable,15999,15999,16499,16499,15999,16499,15999,unavailable,unavailable,16499,16499,unavailable,unavailable,unavailable,unavailable,unavailable
"Samsung Galaxy M01 (Blue, 3GB RAM, 32GB)",3.9 out of 5 stars,10189,https://images-na.ssl-images-amazon.com/images/I/81o1rDu5FZL._SY879_.jpg,https://www.amazon.in/Samsung-Galaxy-Storage-Additional-Exchange/dp/B086KCDGTQ/ref=sr_1_8?dchild=1&keywords=Samsung+Mobiles&qid=1612346885&sr=8-8,7499,7499,7499,7499,7499,7499,7499,7499,7499,7499,7499,7499,7999,8499,7499,unavailable,7499,7499,7499,7499,7715,7999,7499,7950,7950,8425,8425,7499,8750,8990
"Samsung Galaxy M21 (Raven Black, 4GB RAM, 64GB)",4.2 out of 5 stars,90071,https://images-na.ssl-images-amazon.com/images/I/71QLvGIAq5L._SY879_.jpg,https://www.amazon.in/Samsung-Galaxy-Raven-Black-Storage/dp/B07HGH8D2R/ref=sr_1_9?dchild=1&keywords=Samsung+Mobiles&qid=1612346885&sr=8-9,13999,13999,13999,13999,13999,13999,13999,13999,13999,12999,12999,12999,12999,12999,12999,12999,12999,12999,12999,12999,12999,12999,12999,13999,13999,12999,12999,12999,13999,13999
"Samsung Galaxy M31s (Mirage Blue, 6GB RAM, 128GB)",4.3 out of 5 stars,42701,https://images-na.ssl-images-amazon.com/images/I/61d-phh4GfL._SY879_.jpg,https://www.amazon.in/Samsung-Galaxy-Mirage-128GB-Storage/dp/B07DJCJBB3/ref=sr_1_10?dchild=1&keywords=Samsung+Mobiles&qid=1612346885&sr=8-10,19499,19499,19499,19499,19499,19499,19499,19499,19499,19499,19499,19499,19499,19499,19499,19499,19499,19499,19499,19499,18499,18499,18499,18499,18499,18499,18499,18499,18499,18499
"Samsung Galaxy M31s (Mirage Blue, 8GB RAM, 128GB)",4.3 out of 5 stars,42701,https://images-na.ssl-images-amazon.com/images/I/61d-phh4GfL._SY879_.jpg,https://www.amazon.in/Samsung-Galaxy-Mirage-128GB-Storage/dp/B07DJCJBBN/ref=sr_1_11?dchild=1&keywords=Samsung+Mobiles&qid=1612346885&sr=8-11,20499,20499,20499,20499,20499,20499,20499,20499,20499,20499,20499,20499,20499,20499,20499,20499,20499,20499,20499,20499,20499,20499,20499,20499,20499,20499,20499,20499,20499,20499
"Samsung Galaxy M21 (Midnight Blue, 6GB RAM, 128GB)",4.2 out of 5 stars,90071,https://images-na.ssl-images-amazon.com/images/I/71dujTTJDZL._SY879_.jpg,https://www.amazon.in/Samsung-Galaxy-Midnight-128GB-Storage/dp/B07HGH88GL/ref=sr_1_12?dchild=1&keywords=Samsung+Mobiles&qid=1612346885&sr=8-12,15999,15999,15999,15999,15999,15999,15999,15999,15999,14999,14999,14999,14999,14999,14999,14999,14999,14999,14999,14999,14999,14999,14999,unavailable,unavailable,14999,14999,14999,15999,15999
"Samsung Galaxy M31 (Space Black, 6GB RAM, 128GB)",4.2 out of 5 stars,132946,https://images-na.ssl-images-amazon.com/images/I/71OxJeyywSL._SY879_.jpg,https://www.amazon.in/Samsung-Galaxy-Space-Black-Storage/dp/B07HGN617M/ref=sr_1_13?dchild=1&keywords=Samsung+Mobiles&qid=1612346885&sr=8-13,16499,unavailable,unavailable,unavailable,16499,16499,16499,16499,16499,16499,16499,16499,16499,16499,16499,16499,16499,16499,16499,16499,16499,16499,16499,16499,16499,16499,16499,16499,16499,16499
"Samsung Galaxy M51 (Celestial Black, 6GB RAM, 128GB)",4.4 out of 5 stars,31750,https://images-na.ssl-images-amazon.com/images/I/713AhSUtbHL._SY879_.jpg,https://www.amazon.in/Samsung-Galaxy-Celestial-Black-Storage/dp/B085J1X78K/ref=sr_1_14?dchild=1&keywords=Samsung+Mobiles&qid=1612346885&sr=8-14,22999,22999,22999,22999,22999,22999,22999,22999,22999,22999,22999,22999,22999,22999,22999,22999,22999,22999,22999,22999,22999,22999,22999,22999,22999,22999,22999,22999,22999,22999
"Samsung Galaxy M01 Core (Blue, 2GB RAM, 32GB)",3.4 out of 5 stars,9406,https://images-na.ssl-images-amazon.com/images/I/71ahT-X2FgL._SY879_.jpg,https://www.amazon.in/Samsung-Galaxy-Storage-Additional-Exchange/dp/B089MV96RW/ref=sr_1_15?dchild=1&keywords=Samsung+Mobiles&qid=1612346885&sr=8-15,5999,5999,5999,5999,5999,5999,5999,5999,5999,5999,5999,5999,5999,5999,5999,5999,5999,5999,5999,5999,5999,5999,5999,5999,5999,5999,5999,5999,5999,5999
"Samsung Galaxy M01 Core (Black, 1GB RAM, 16GB)",3.4 out of 5 stars,9406,https://images-na.ssl-images-amazon.com/images/I/71AYb2AGHXL._SY879_.jpg,https://www.amazon.in/Samsung-Galaxy-Storage-Additional-Exchange/dp/B089MTL51J/ref=sr_1_16?dchild=1&keywords=Samsung+Mobiles&qid=1612346885&sr=8-16,4999,4999,4999,4999,4999,4999,4999,4999,4999,4999,4999,4999,4999,4999,4999,4999,4999,4999,4999,4999,4999,4999,4999,4999,4999,4999,4999,4999,4999,4999
"Samsung Galaxy M31 (Ocean Blue, 6GB RAM, 64GB)",4.2 out of 5 stars,132946,https://images-na.ssl-images-amazon.com/images/I/71OxJeyywSL._SY879_.jpg,https://www.amazon.in/Samsung-Galaxy-Ocean-Blue-Storage/dp/B07HGJKDQL/ref=sr_1_17?dchild=1&keywords=Samsung+Mobiles&qid=1612346885&sr=8-17,15999,15999,unavailable,unavailable,unavailable,15999,15999,15999,15999,15999,15999,15999,15999,15999,15999,15999,15999,15999,15999,15999,15999,15999,15999,15999,15999,15999,15999,15999,15999,15999
"Samsung Galaxy M01 Core (Red, 2GB RAM, 32GB)",3.4 out of 5 stars,9406,https://images-na.ssl-images-amazon.com/images/I/71UZfRHB7UL._SY879_.jpg,https://www.amazon.in/Samsung-Galaxy-Storage-Additional-Exchange/dp/B089MQ6XLH/ref=sr_1_18?dchild=1&keywords=Samsung+Mobiles&qid=1612346885&sr=8-18,6900,6490,5999,5999,5999,6399,6399,5999,5999,5999,6490,6490,6390,6375,5999,5999,5999,5999,5999,5999,5999,5999,5999,5999,5999,5999,5999,5999,5999,6398
"Samsung Galaxy M51 (Electric Blue, 8GB RAM, 128GB)",4.4 out of 5 stars,31750,https://images-na.ssl-images-amazon.com/images/I/710weRkP-nL._SY879_.jpg,https://www.amazon.in/gp/slredirect/picassoRedirect.html/ref=pa_sp_atf_next_aps_sr_pg2_1?ie=UTF8&adId=A0018770FW4TQ1G9RZHI&url=%2FSamsung-Galaxy-Electric-Blue-128GB-Storage%2Fdp%2FB085J1868F%2Fref%3Dsr_1_17_sspa%3Fdchild%3D1%26keywords%3DSamsung%2BMobiles%26qid%3D1612346890%26sr%3D8-17-spons%26psc%3D1&qualifier=1612346890&id=1608339889580752&widgetName=sp_atf_next,24999,24999,24999,24999,24999,24999,24999,24999,24999,24999,24999,24999,24999,24999,24999,24999,24999,24999,24999,24999,24999,24999,24999,24999,24999,24999,24999,24999,24999,24999
"Samsung Galaxy M21 (Raven Black, 6GB RAM, 128GB)",4.2 out of 5 stars,90071,https://images-na.ssl-images-amazon.com/images/I/71QLvGIAq5L._SY879_.jpg,https://www.amazon.in/Samsung-Galaxy-Raven-Black-Storage/dp/B07HGH8ML7/ref=sr_1_18?dchild=1&keywords=Samsung+Mobiles&qid=1612346890&sr=8-18,15999,15999,15999,15999,15999,15999,15999,15999,15999,14999,14999,14999,14999,14999,14999,14999,14999,14999,14999,14999,14999,14999,14999,15999,15999,14999,14999,14999,15999,15999
"Samsung Galaxy M51 (Electric Blue, 8GB RAM, 128GB)",4.4 out of 5 stars,31750,https://images-na.ssl-images-amazon.com/images/I/710weRkP-nL._SY879_.jpg,https://www.amazon.in/Samsung-Galaxy-Electric-Blue-128GB-Storage/dp/B085J1868F/ref=sr_1_19?dchild=1&keywords=Samsung+Mobiles&qid=1612346890&sr=8-19,24999,24999,24999,24999,24999,24999,24999,24999,24999,24999,24999,24999,24999,24999,24999,24999,24999,24999,24999,24999,24999,24999,24999,24999,24999,24999,24999,24999,24999,24999
"Samsung Galaxy M01 Core (Blue, 1GB RAM, 16GB)",3.4 out of 5 stars,9406,https://images-na.ssl-images-amazon.com/images/I/71ahT-X2FgL._SY879_.jpg,https://www.amazon.in/Samsung-Galaxy-Storage-Additional-Exchange/dp/B089MS3GLM/ref=sr_1_20?dchild=1&keywords=Samsung+Mobiles&qid=1612346890&sr=8-20,4999,4999,4999,4999,4999,4999,4999,4999,4999,4999,4999,4999,4999,4999,4999,4999,4999,4999,4999,4999,4999,4999,4999,4999,4999,4999,4999,4999,4999,4999
"Samsung Galaxy M31s (Mirage Black, 8GB RAM, 128GB)",4.3 out of 5 stars,42701,https://images-na.ssl-images-amazon.com/images/I/71BFG8Zu7zL._SY879_.jpg,https://www.amazon.in/Samsung-Galaxy-Mirage-Black-Storage/dp/B07DJLVHYC/ref=sr_1_21?dchild=1&keywords=Samsung+Mobiles&qid=1612346890&sr=8-21,20499,20499,20499,20499,20499,20499,20499,20499,20499,20499,20499,20499,20499,20499,20499,19499,20499,20499,19499,19499,18499,18499,18499,20499,20499,20499,20499,20499,20499,unavailable
"Samsung Galaxy M31s (Mirage Black, 6GB RAM, 128GB)",4.3 out of 5 stars,42701,https://images-na.ssl-images-amazon.com/images/I/71BFG8Zu7zL._SY879_.jpg,https://www.amazon.in/Samsung-Galaxy-Mirage-Black-Storage/dp/B07DJD1XZ4/ref=sr_1_22?dchild=1&keywords=Samsung+Mobiles&qid=1612346890&sr=8-22,19499,19499,19499,19499,19499,19499,19499,19499,19499,19499,19499,19499,19499,19499,19499,19499,19499,19499,19499,19499,18499,18499,18499,18499,18499,18499,18499,18499,18499,18499
"Samsung Galaxy M51 (Electric Blue, 6GB RAM, 128GB)",4.4 out of 5 stars,31750,https://images-na.ssl-images-amazon.com/images/I/710weRkP-nL._SY879_.jpg,https://www.amazon.in/Samsung-Galaxy-Electric-Blue-128GB-Storage/dp/B085J1J32G/ref=sr_1_23?dchild=1&keywords=Samsung+Mobiles&qid=1612346890&sr=8-23,22999,22999,22999,22999,22999,22999,22999,22999,22999,22999,22999,22999,22999,22999,22999,22999,22999,22999,22999,22999,22999,22999,22999,22999,22999,22999,22999,22999,22999,22999
"Samsung Galaxy M31 (Space Black, 6GB RAM, 64GB)",4.2 out of 5 stars,132946,https://images-na.ssl-images-amazon.com/images/I/71OxJeyywSL._SY879_.jpg,https://www.amazon.in/Samsung-Galaxy-Space-Black-Storage/dp/B07HGJ7WLM/ref=sr_1_24?dchild=1&keywords=Samsung+Mobiles&qid=1612346890&sr=8-24,15999,15999,15999,15999,15999,15999,15999,15999,15999,15999,15999,15999,15999,15999,15999,15999,15999,15999,15999,15999,15999,15999,15999,15999,15999,15999,15999,15999,15999,15999
"Samsung Galaxy M01 Core (Red, 1GB RAM, 16GB)",3.4 out of 5 stars,9406,https://images-na.ssl-images-amazon.com/images/I/71UZfRHB7UL._SY879_.jpg,https://www.amazon.in/Samsung-Galaxy-Storage-Additional-Exchange/dp/B089MSCW8V/ref=sr_1_25?dchild=1&keywords=Samsung+Mobiles&qid=1612346890&sr=8-25,4999,4999,4999,4999,4999,4999,4999,4999,4999,4999,4999,4999,4999,4999,4999,4999,4999,4999,4999,4999,4999,4999,4999,4999,4999,4999,4999,4999,4999,4999
"Samsung Galaxy A21s (Black, 4GB RAM, 64GB)",3.6 out of 5 stars,1356,https://images-na.ssl-images-amazon.com/images/I/81zb1bxd6NL._SY879_.jpg,https://www.amazon.in/Samsung-Galaxy-Storage-Additional-Exchange/dp/B086KCBK16/ref=sr_1_26?dchild=1&keywords=Samsung+Mobiles&qid=1612346890&sr=8-26,14999,14999,14999,14999,14999,14999,14999,13999,13999,13999,13999,13999,12999,13999,13999,13999,13999,13999,13999,13999,13999,13999,13999,13999,13999,13999,13999,13999,13999,13999
"Samsung Galaxy A21s (Blue, 4GB RAM, 64GB)",3.6 out of 5 stars,1356,https://images-na.ssl-images-amazon.com/images/I/811RH5e-snL._SY879_.jpg,https://www.amazon.in/Samsung-Galaxy-Storage-Additional-Exchange/dp/B086KC85W8/ref=sr_1_27?dchild=1&keywords=Samsung+Mobiles&qid=1612346890&sr=8-27,14999,14999,14999,14999,14999,14999,14999,13999,13999,13999,13999,13999,12999,13999,13999,13999,13999,13999,13999,13999,13999,13999,13999,13999,13999,13999,13999,13999,13999,13999
"Samsung Galaxy M51 (Celestial Black, 8GB RAM, 128GB)",4.4 out of 5 stars,31750,https://images-na.ssl-images-amazon.com/images/I/713AhSUtbHL._SY879_.jpg,https://www.amazon.in/Samsung-Galaxy-Celestial-Black-Storage/dp/B085J1CPCW/ref=sr_1_28?dchild=1&keywords=Samsung+Mobiles&qid=1612346890&sr=8-28,24999,24999,24999,24999,24999,24999,24999,24999,24999,24999,24999,24999,24999,24999,24999,24999,24999,24999,24999,24999,24999,24999,24999,24999,24999,24999,24999,24999,24999,24999
"Samsung Galaxy A31 (Prism Crush Black, 6GB RAM, 128GB)",4.0 out of 5 stars,1059,https://images-na.ssl-images-amazon.com/images/I/81erkgYf1tL._SY879_.jpg,https://www.amazon.in/Samsung-Galaxy-Storage-Additional-Exchange/dp/B086KFXPFD/ref=sr_1_30?dchild=1&keywords=Samsung+Mobiles&qid=1612346890&sr=8-30,17999,17999,17999,17999,17999,17999,17999,17999,17999,17999,17999,17999,17999,17999,17999,17999,17999,17999,17999,17999,17999,17999,17999,unavailable,unavailable,17999,17999,17999,17999,17999
"Samsung Galaxy M21 (Iceberg Blue, 4GB RAM, 64GB)",4.2 out of 5 stars,90071,https://images-na.ssl-images-amazon.com/images/I/71vvUDCY4PL._SY879_.jpg,https://www.amazon.in/Samsung-Galaxy-Iceberg-Blue-Storage/dp/B085J1JRC7/ref=sr_1_31?dchild=1&keywords=Samsung+Mobiles&qid=1612346890&sr=8-31,13999,13999,13999,13999,13999,13999,13999,13999,13999,12999,12999,12999,12999,12999,12999,12999,12999,12999,12999,12999,12999,12999,12999,13999,13999,12999,12999,12999,13999,13999
"Samsung Galaxy A21s (White, 4GB RAM, 64GB)",3.6 out of 5 stars,1356,https://images-na.ssl-images-amazon.com/images/I/81-5NsP8laL._SY879_.jpg,https://www.amazon.in/Samsung-Galaxy-Storage-Additional-Exchange/dp/B086KD6WBF/ref=sr_1_32?dchild=1&keywords=Samsung+Mobiles&qid=1612346890&sr=8-32,14999,14999,14999,14999,14999,14999,14999,13999,13999,13999,13999,13999,12999,13999,13999,13999,13999,13999,13999,unavailable,unavailable,unavailable,unavailable,unavailable,unavailable,13999,13999,13999,13999,13999
"Samsung Galaxy M31 (Iceberg Blue, 6GB RAM, 128GB)",4.2 out of 5 stars,132946,https://images-na.ssl-images-amazon.com/images/I/71ZsMOcpePL._SY879_.jpg,https://www.amazon.in/Samsung-Galaxy-Iceberg-128GB-Storage/dp/B085HZYM54/ref=sr_1_33?dchild=1&keywords=Samsung+Mobiles&qid=1612346890&sr=8-33,16499,unavailable,16499,16499,16499,16499,16499,16499,16499,16499,16499,16499,16499,16499,16499,16499,16499,16499,16499,16499,16499,16499,16499,16499,16499,16499,16499,16499,16499,16499
"Samsung Galaxy M51 (Celestial Black, 6GB RAM, 128GB)",4.4 out of 5 stars,31750,https://images-na.ssl-images-amazon.com/images/I/713AhSUtbHL._SY879_.jpg,https://www.amazon.in/gp/slredirect/picassoRedirect.html/ref=pa_sp_atf_next_aps_sr_pg3_1?ie=UTF8&adId=A00188942WWDH4CGH81YR&url=%2FSamsung-Galaxy-Celestial-Black-Storage%2Fdp%2FB085J1X78K%2Fref%3Dsr_1_33_sspa%3Fdchild%3D1%26keywords%3DSamsung%2BMobiles%26qid%3D1612346893%26sr%3D8-33-spons%26psc%3D1&qualifier=1612346893&id=2620530726061484&widgetName=sp_atf_next,22999,22999,22999,22999,22999,22999,22999,22999,22999,22999,22999,22999,22999,22999,22999,22999,22999,22999,22999,22999,22999,22999,22999,22999,22999,22999,22999,22999,22999,22999
"Samsung Galaxy Note10 Lite (Aura Glow, 6GB RAM, 128GB)",4.0 out of 5 stars,1388,https://images-na.ssl-images-amazon.com/images/I/71T0KJFxCHL._SY879_.jpg,https://www.amazon.in/Samsung-Galaxy-Storage-Additional-Exchange/dp/B07X8V5YKR/ref=sr_1_34?dchild=1&keywords=Samsung+Mobiles&qid=1612346893&sr=8-34,31999,31999,31999,31999,31999,31999,31999,31999,31999,31999,31999,31999,31999,31999,31999,31999,29999,29999,29999,29999,29999,29999,29999,29999,29999,29999,29999,29999,29999,29999
"Samsung Galaxy A21s (Black, 6GB, 128GB)",3.6 out of 5 stars,1356,https://images-na.ssl-images-amazon.com/images/I/81zb1bxd6NL._SY879_.jpg,https://www.amazon.in/Samsung-Galaxy-Storage-Additional-Exchange/dp/B084453J63/ref=sr_1_35?dchild=1&keywords=Samsung+Mobiles&qid=1612346893&sr=8-35,17499,17499,17499,17499,17499,17499,17499,17499,17499,17499,17499,17499,17499,17499,17499,17499,17499,17499,17499,17499,17499,17499,17499,17499,17499,17499,17499,17499,17499,17499
"Samsung Galaxy A21s (Black, 6GB RAM, 64GB)",3.6 out of 5 stars,1356,https://images-na.ssl-images-amazon.com/images/I/81zb1bxd6NL._SY879_.jpg,https://www.amazon.in/Samsung-Galaxy-Storage-Additional-Exchange/dp/B086KCCKKW/ref=sr_1_36?dchild=1&keywords=Samsung+Mobiles&qid=1612346893&sr=8-36,16498,16498,16498,16498,16498,16498,16498,14999,14999,14999,14999,14999,14999,14999,14999,14999,14999,14999,14999,14999,14999,14999,14999,unavailable,unavailable,14999,14999,14999,14999,14999
"Samsung Galaxy A71 (Prism Crush Black, 8GB RAM, 128GB)",4.2 out of 5 stars,704,https://images-na.ssl-images-amazon.com/images/I/71Wh8ZPcGBL._SY879_.jpg,https://www.amazon.in/Samsung-Galaxy-Storage-Additional-Exchange/dp/B07XBYLRVB/ref=sr_1_37?dchild=1&keywords=Samsung+Mobiles&qid=1612346893&sr=8-37,27499,unavailable,unavailable,unavailable,27499,29499,29499,unavailable,unavailable,unavailable,28999,28999,27499,27499,27499,27499,27499,27499,27499,27499,27499,27499,27499,27499,27499,27499,27499,27499,27499,27499
"Samsung Galaxy A31 (Prism Crush Blue, 6GB RAM, 128GB)",4.0 out of 5 stars,1059,https://images-na.ssl-images-amazon.com/images/I/81liHd1KM-L._SY879_.jpg,https://www.amazon.in/Samsung-Galaxy-Storage-Additional-Exchange/dp/B086KCDGV7/ref=sr_1_38?dchild=1&keywords=Samsung+Mobiles&qid=1612346893&sr=8-38,17999,17999,17999,17999,17999,17999,17999,unavailable,unavailable,unavailable,17999,17999,17300,17300,17999,16925,17300,17300,17999,17999,17999,17999,17999,17999,17999,17999,17999,17999,17999,17999
"Samsung Galaxy J2 2018 (Gold, 2GB RAM, 16GB)",4.1 out of 5 stars,831,https://images-na.ssl-images-amazon.com/images/I/61n4Z1Qmp2L._SY879_.jpg,https://www.amazon.in/Samsung-Galaxy-2018-Storage-Offers/dp/B07C7B89CV/ref=sr_1_39?dchild=1&keywords=Samsung+Mobiles&qid=1612346893&sr=8-39,7490,7490,7490,7490,7990,7990,7990,7990,7990,7990,7990,7990,7990,8190,8190,8190,8200,8200,8200,8200,8200,8200,8200,8200,8200,8200,8200,8200,8200,8200
"Samsung Galaxy A51 (Blue, 8GB RAM, 128GB)",4.0 out of 5 stars,505,https://images-na.ssl-images-amazon.com/images/I/815-Kg258tL._SY879_.jpg,https://www.amazon.in/Samsung-Galaxy-Storage-Additional-Exchange/dp/B07XD2HY8Y/ref=sr_1_40?dchild=1&keywords=Samsung+Mobiles&qid=1612346893&sr=8-40,unavailable,unavailable,unavailable,unavailable,unavailable,unavailable,unavailable,unavailable,unavailable,unavailable,22499,22499,22499,22499,22499,22499,22499,22499,22499,22499,22499,22499,22499,22499,22499,22499,22499,22499,22499,22999
"Samsung Galaxy A51 (Haze Crush Silver, 6GB RAM, 128GB)",4.1 out of 5 stars,2341,https://images-na.ssl-images-amazon.com/images/I/815-Kg258tL._SY879_.jpg,https://www.amazon.in/Samsung-Galaxy-Storage-Additional-Exchange/dp/B089MQ7C7W/ref=sr_1_41?dchild=1&keywords=Samsung+Mobiles&qid=1612346893&sr=8-41,20999,20999,20999,20999,20999,20999,20999,20999,20999,20999,20999,20999,20999,20999,unavailable,unavailable,unavailable,unavailable,unavailable,20999,20999,20999,20999,20999,20999,unavailable,unavailable,20999,unavailable,20999
"Samsung Galaxy A21s (Blue, 6GB RAM, 64GB)",3.6 out of 5 stars,1356,https://images-na.ssl-images-amazon.com/images/I/811RH5e-snL._SY879_.jpg,https://www.amazon.in/Samsung-Galaxy-Storage-Additional-Exchange/dp/B086KGPM5G/ref=sr_1_42?dchild=1&keywords=Samsung+Mobiles&qid=1612346893&sr=8-42,16498,16498,16498,16498,16498,16498,16498,14999,14999,14999,unavailable,unavailable,unavailable,unavailable,unavailable,unavailable,unavailable,unavailable,unavailable,unavailable,unavailable,unavailable,unavailable,14999,14999,13999,13999,13999,13999,13999
"Samsung Galaxy A70s (White, 8GB RAM, 128GB)",4.0 out of 5 stars,768,https://images-na.ssl-images-amazon.com/images/I/71W%2BOhxA8IL._SX679_.jpg,https://www.amazon.in/Test-Dummy_March_2019_46-Black-with-Offer/dp/B07PRBKG12/ref=sr_1_43?dchild=1&keywords=Samsung+Mobiles&qid=1612346893&sr=8-43,22980,22900,22800,22800,22380,22320,22320,22200,22130,21920,21850,21850,21849,21849,21825,21825,21700,21700,21670,21640,21640,21670,21670,21870,21870,21999,22999,22999,22999,22999
"Samsung Galaxy A31 (Prism Crush White, 6GB RAM, 128GB)",4.0 out of 5 stars,1059,https://images-na.ssl-images-amazon.com/images/I/816-h37brML._SY879_.jpg,https://www.amazon.in/Samsung-Galaxy-Storage-Additional-Exchange/dp/B086KDJGT6/ref=sr_1_44?dchild=1&keywords=Samsung+Mobiles&qid=1612346893&sr=8-44,17999,17999,17999,17999,17999,17999,17999,17999,17999,17999,17999,17999,17999,17999,17999,17999,17999,17999,17999,17999,17999,17999,17999,17999,17999,17999,17999,17999,17999,17999
"Samsung Galaxy A50s (Prism Crush Black, 4GB RAM, 128GB)",4.1 out of 5 stars,5364,https://images-na.ssl-images-amazon.com/images/I/61xfgtY3cpL._SY879_.jpg,https://www.amazon.in/Samsung-Galaxy-Storage-Additional-Exchange/dp/B07S6BW82H/ref=sr_1_45?dchild=1&keywords=Samsung+Mobiles&qid=1612346893&sr=8-45,22990,18990,22990,22990,19990,19490,19490,unavailable,18999,unavailable,22990,22990,22990,19990,19990,22590,22590,22590,17999,unavailable,22699,22699,22699,22699,22699,18990,19990,18900,18990,18990
"Samsung Galaxy M51 (Celestial Black, 8GB RAM, 128GB)",4.4 out of 5 stars,31750,https://images-na.ssl-images-amazon.com/images/I/713AhSUtbHL._SY879_.jpg,https://www.amazon.in/gp/slredirect/picassoRedirect.html/ref=pa_sp_atf_next_aps_sr_pg4_1?ie=UTF8&adId=A001861434VOTEG3D8QD4&url=%2FSamsung-Galaxy-Celestial-Black-Storage%2Fdp%2FB085J1CPCW%2Fref%3Dsr_1_49_sspa%3Fdchild%3D1%26keywords%3DSamsung%2BMobiles%26qid%3D1612346896%26sr%3D8-49-spons%26psc%3D1&qualifier=1612346896&id=1867832574919460&widgetName=sp_atf_next,24999,24999,24999,24999,24999,24999,24999,24999,24999,24999,24999,24999,24999,24999,24999,24999,24999,24999,24999,24999,24999,24999,24999,24999,24999,24999,24999,24999,24999,24999
"Samsung Galaxy A70s (Red, 8GB RAM, 128GB)",4.0 out of 5 stars,768,https://images-na.ssl-images-amazon.com/images/I/71W%2BOhxA8IL._SX679_.jpg,https://www.amazon.in/Test-Dummy_March_2019_45-Black-with-Offer/dp/B07PP2K2PK/ref=sr_1_51?dchild=1&keywords=Samsung+Mobiles&qid=1612346896&sr=8-51,25999,25999,25999,25999,25999,25999,25999,25999,25999,25999,25999,25999,25999,25999,25999,25999,25999,25999,25999,25999,25999,25999,25999,25999,25999,25999,25999,25999,25999,22999
"Samsung Galaxy A21s (Blue, 6GB, 128GB)",3.6 out of 5 stars,1356,https://images-na.ssl-images-amazon.com/images/I/811RH5e-snL._SY879_.jpg,https://www.amazon.in/Samsung-Galaxy-Storage-Additional-Exchange/dp/B084459YBD/ref=sr_1_53?dchild=1&keywords=Samsung+Mobiles&qid=1612346896&sr=8-53,17499,17499,17499,17499,17499,17499,17499,17499,17499,17499,17499,17499,17499,17499,17499,17499,17499,17499,17499,17499,17499,17499,17499,17499,17499,17499,17499,17499,17499,17499
"Samsung Galaxy On7 Prime (Black, 3GB RAM, 32GB)",4.1 out of 5 stars,7721,https://images-na.ssl-images-amazon.com/images/I/61EM4uS-5iL._SY879_.jpg,https://www.amazon.in/Samsung-Galaxy-Prime-Black-Storage/dp/B0756ZD5PM/ref=sr_1_54?dchild=1&keywords=Samsung+Mobiles&qid=1612346896&sr=8-54,12990,unavailable,unavailable,unavailable,unavailable,unavailable,unavailable,unavailable,unavailable,unavailable,unavailable,unavailable,unavailable,unavailable,unavailable,12990,unavailable,unavailable,unavailable,unavailable,unavailable,unavailable,unavailable,unavailable,unavailable,unavailable,unavailable,unavailable,unavailable,unavailable
"Samsung Galaxy A50s (Prism Crush White, 4GB RAM, 128GB)",4.1 out of 5 stars,5364,https://images-na.ssl-images-amazon.com/images/I/61xfgtY3cpL._SY879_.jpg,https://www.amazon.in/Samsung-Galaxy-Storage-Additional-Exchange/dp/B07SDPTP6F/ref=sr_1_55?dchild=1&keywords=Samsung+Mobiles&qid=1612346896&sr=8-55,22990,18990,22990,22990,19990,19490,19490,unavailable,18999,unavailable,22990,22990,22990,19990,19990,22590,22590,22590,17999,unavailable,22699,22699,22699,22699,22699,18990,19990,18900,18990,18990
"Samsung Galaxy M11 (Metallic Blue, 3GB RAM, 32GB)",,,https://images-na.ssl-images-amazon.com/images/I/51HNjnew1IL._SX679_.jpg,https://www.amazon.in/Samsung-Galaxy-Metallic-Blue-Storage/dp/B08B482983/ref=sr_1_57?dchild=1&keywords=Samsung+Mobiles&qid=1612346896&sr=8-57,12499,unavailable,unavailable,unavailable,11499,unavailable,unavailable,unavailable,unavailable,unavailable,unavailable,unavailable,unavailable,unavailable,unavailable,unavailable,unavailable,unavailable,11999,11999,10999,10999,10999,10999,10999,10999,10999,10999,10999,unavailable
"Samsung Galaxy S21 Ultra 5G (Phantom Black, 12GB, 256GB)",3.8 out of 5 stars,152,https://images-na.ssl-images-amazon.com/images/I/917nPCOw9-L._SX679_.jpg,https://www.amazon.in/Samsung-Phantom-Storage-Additional-Exchange/dp/B08LRDTN6H/ref=sr_1_66?dchild=1&keywords=Samsung+Mobiles&qid=1612346899&sr=8-66,"1,05,999.00","1,05,999.00","1,05,999.00","1,05,999.00","1,05,999.00","1,05,999.00","1,05,999.00","1,05,999.00","1,05,999.00","1,05,999.00","1,05,999.00","1,05,999.00","1,05,999.00","1,05,999.00","1,05,999.00","1,05,999.00","1,05,999.00","1,05,999.00","1,05,999.00","1,05,999.00","1,05,999.00","1,05,999.00","1,05,999.00","1,05,999.00","1,05,999.00","1,05,999.00","1,05,999.00","1,05,999.00","1,05,999.00","1,05,999.00"
"Samsung Galaxy A70s (White, 6GB RAM, 128GB)",4.0 out of 5 stars,768,https://images-na.ssl-images-amazon.com/images/I/71W%2BOhxA8IL._SX679_.jpg,https://www.amazon.in/Samsung-Galaxy-Storage-Additional-Exchange/dp/B07S9G6237/ref=sr_1_84?dchild=1&keywords=Samsung+Mobiles&qid=1612346902&sr=8-84,19900,19900,19900,19900,19900,19900,19900,19900,19900,19900,19900,19900,21990,21849,21990,21825,21990,21990,21670,21640,21640,21670,21670,21870,21870,20900,22999,22999,22999,22999
"Samsung Galaxy Note10 Lite (Aura Glow, 8GB RAM, 128GB)",4.0 out of 5 stars,1388,https://images-na.ssl-images-amazon.com/images/I/71T0KJFxCHL._SY879_.jpg,https://www.amazon.in/Samsung-Galaxy-Storage-Additional-Exchange/dp/B07X9YN2FJ/ref=sr_1_85?dchild=1&keywords=Samsung+Mobiles&qid=1612346902&sr=8-85,36999,36999,36999,36999,36999,36999,36999,36999,36999,36999,36999,36999,36999,36999,36999,36999,36999,36999,36999,36999,36999,36999,36999,36999,36999,36999,36999,36999,36999,36999
"Samsung Galaxy S20 Ultra (Cloud White, 12GB RAM, 128GB)",4.0 out of 5 stars,16,https://images-na.ssl-images-amazon.com/images/I/710PrlbpGAL._SY879_.jpg,https://www.amazon.in/Samsung-Galaxy-Storage-Additional-Exchange/dp/B089MS6KLN/ref=sr_1_97?dchild=1&keywords=Samsung+Mobiles&qid=1612346904&sr=8-97,97999,97999,97999,97999,97999,97999,97999,97999,84994,97999,97999,97999,97999,97999,97999,97999,97999,97999,97999,97999,97999,97999,97999,97999,97999,97999,97999,97999,97999,97999
"Oppo A31 (Mystery Black, 6GB RAM, 128GB)",4.0 out of 5 stars,3169,https://images-na.ssl-images-amazon.com/images/I/71KCwNV6MuL._SX679_.jpg,https://www.amazon.in/Oppo-Mystery-Storage-Additional-Exchange/dp/B08444S68L/ref=sr_1_1?dchild=1&keywords=Oppo+Mobiles&qid=1612346908&sr=8-1,11990,11990,11990,11990,11990,11990,11990,11990,11990,11990,11990,11990,11990,11990,11990,11990,11990,11990,11990,11990,11990,11990,11990,11990,11990,11990,11990,11990,11990,11990
"Oppo A31 (Fantasy White, 6GB RAM, 128GB)",4.0 out of 5 stars,3169,https://images-na.ssl-images-amazon.com/images/I/61IhTtJUXJL._SX679_.jpg,https://www.amazon.in/Oppo-Fantasy-Storage-Additional-Exchange/dp/B08444SXZ6/ref=sr_1_2?dchild=1&keywords=Oppo+Mobiles&qid=1612346908&sr=8-2,11990,11990,11990,11990,11990,11990,11990,11990,11990,11990,11990,11990,11990,11990,11990,11990,11990,11990,11990,11990,11990,11990,11990,11990,11990,11990,11990,11990,11990,11990
"Oppo F17 (Dynamic Orange, 6GB RAM, 128GB)",3.7 out of 5 stars,911,https://images-na.ssl-images-amazon.com/images/I/81Nv7yT879L._SX679_.jpg,https://www.amazon.in/Dynamic-Orange-Storage-Additional-Exchange/dp/B086KFV4L4/ref=sr_1_7?dchild=1&keywords=Oppo+Mobiles&qid=1612346908&sr=8-7,16990,16990,16990,16990,16990,16990,16990,16990,16990,16990,16990,16990,16990,16990,16990,16990,16990,16990,16990,16990,16990,16990,16990,16990,16990,16990,16990,16990,16990,16990
"Oppo Reno2 F (Lake Green, 6GB RAM, 256GB)",4.4 out of 5 stars,12,https://images-na.ssl-images-amazon.com/images/I/51daXWoYu2L._SX679_.jpg,https://www.amazon.in/Oppo-Reno2-Green-256GB-Storage/dp/B08RXCHBRF/ref=sr_1_11?dchild=1&keywords=Oppo+Mobiles&qid=1612346908&sr=8-11,19578,19450,19794.99,19794.99,19748,19699.99,19699.99,19490,19390,19740,19680,19680,19599,19380,19210,unavailable,19980,19980,19898,unavailable,unavailable,unavailable,unavailable,19989,19989,unavailable,19990,19990,19990,unavailable
"Oppo A53 (Fairy White, 4GB RAM, 64GB)",4.0 out of 5 stars,838,https://images-na.ssl-images-amazon.com/images/I/71cnZVgDIoL._SX679_.jpg,https://www.amazon.in/Oppo-Storage-Additional-Exchange-Offers/dp/B089MS6R6V/ref=sr_1_19?dchild=1&keywords=Oppo+Mobiles&qid=1612346910&sr=8-19,12989,12989,12989,12989,12990,12990,12990,12990,12990,12990,12990,12990,12990,12990,12990,12990,12990,12990,12990,12990,12990,12990,12990,12990,12990,12990,12990,12990,12990,12990
"Oppo A5s (Blue, 4GB RAM, 64GB)",3.7 out of 5 stars,7,https://images-na.ssl-images-amazon.com/images/I/81uJLUPkbvL._SY879_.jpg,https://www.amazon.in/Oppo-A5s-Blue-64GB-Storage/dp/B07Y24S2WY/ref=sr_1_24?dchild=1&keywords=Oppo+Mobiles&qid=1612346910&sr=8-24,10789,10999,10999,10999,10750,10740,10740,10739,10739,10698,10698,10698,10698,10695,10695,10695,10689,10689,10688,10688,10685,10680,10680,10680,10680,10680,10678,10677,10676,10669
"Oppo F17 (Navy Blue, 6GB RAM, 128GB)",3.7 out of 5 stars,911,https://images-na.ssl-images-amazon.com/images/I/81lDF673d9L._SX679_.jpg,https://www.amazon.in/128GB-Storage-Additional-Exchange-Offers/dp/B086KDJ6NP/ref=sr_1_25?dchild=1&keywords=Oppo+Mobiles&qid=1612346910&sr=8-25,16990,16990,16990,16990,16990,16990,16990,16990,16990,16990,16990,16990,16990,16990,16990,16990,16990,16990,16990,16990,16990,16990,16990,16990,16990,16990,16990,16990,16990,16990
"Oppo A53 (Electric Black, 4GB RAM, 64GB)",4.0 out of 5 stars,838,https://images-na.ssl-images-amazon.com/images/I/71pu5oj8MvL._SX679_.jpg,https://www.amazon.in/Oppo-Electric-Storage-Additional-Exchange/dp/B089MTMLDF/ref=sr_1_27?dchild=1&keywords=Oppo+Mobiles&qid=1612346910&sr=8-27,12989,12989,12989,12989,12990,12990,12990,12990,12990,12990,12990,12990,12990,12990,12990,12990,12990,12990,12990,12990,12990,12990,12990,12990,12990,12990,12990,12990,12990,12990
"Oppo A53 (Electric Black, 6GB RAM, 128GB)",4.0 out of 5 stars,838,https://images-na.ssl-images-amazon.com/images/I/71pu5oj8MvL._SX679_.jpg,https://www.amazon.in/Oppo-Electric-Storage-Additional-Exchange/dp/B089MTKP2J/ref=sr_1_31?dchild=1&keywords=Oppo+Mobiles&qid=1612346910&sr=8-31,15490,15490,15490,15490,15490,15490,15490,15490,15490,15490,15490,15490,15490,15490,15490,15490,15490,15490,15490,15490,15490,15490,15490,15490,15490,15490,15490,15490,15490,15490
"Oppo F17 (Classic Silver, 6GB RAM, 128GB)",3.7 out of 5 stars,911,https://images-na.ssl-images-amazon.com/images/I/81Nv7yT879L._SX679_.jpg,https://www.amazon.in/Classic-Silver-Storage-Additional-Exchange/dp/B086KDZGT8/ref=sr_1_32?dchild=1&keywords=Oppo+Mobiles&qid=1612346910&sr=8-32,16990,16990,16990,16990,16990,16990,16990,16990,16990,16990,16990,16990,16990,16990,16990,16990,16990,16990,16990,16990,16990,16990,16990,16990,16990,16990,16990,16990,16990,16990
"Oppo F17 (Dynamic Orange, 8GB RAM, 128GB)",3.7 out of 5 stars,911,https://images-na.ssl-images-amazon.com/images/I/81-xJ79cnjL._SX679_.jpg,https://www.amazon.in/Dynamic-Orange-Storage-Additional-Exchange/dp/B086KGHVK4/ref=sr_1_33?dchild=1&keywords=Oppo+Mobiles&qid=1612346910&sr=8-33,18490,18490,18490,18490,18490,18490,18490,18490,18490,18490,18490,18490,18490,18490,18490,18490,18490,18490,18490,18490,18490,18490,18490,18490,18490,18490,18490,18490,18490,18490
"Oppo F17 (Navy Blue, 8GB RAM, 128GB)",3.7 out of 5 stars,911,https://images-na.ssl-images-amazon.com/images/I/81lDF673d9L._SX679_.jpg,https://www.amazon.in/128GB-Storage-Additional-Exchange-Offers/dp/B086K9XS34/ref=sr_1_34?dchild=1&keywords=Oppo+Mobiles&qid=1612346913&sr=8-34,18490,18490,18490,18490,18490,18490,18490,18490,18490,18490,18490,18490,18490,18490,18490,18490,18490,18490,18490,18490,18490,18490,18490,18490,18490,18490,18490,18490,18490,18490
"Oppo A53 (Fairy White, 6GB RAM, 128GB)",4.0 out of 5 stars,838,https://images-na.ssl-images-amazon.com/images/I/71cnZVgDIoL._SX679_.jpg,https://www.amazon.in/Oppo-Storage-Additional-Exchange-Offers/dp/B089MS4ZG9/ref=sr_1_37?dchild=1&keywords=Oppo+Mobiles&qid=1612346913&sr=8-37,15490,15490,15490,15490,15490,15490,15490,15490,15490,15490,15490,15490,15490,15490,15490,15490,15490,15490,15490,15490,15490,15490,15490,15490,15490,15490,15490,15490,15490,15490
"Oppo mobile A1K Phone (Red, 2GB RAM, 32GB)",4.3 out of 5 stars,4,https://images-na.ssl-images-amazon.com/images/I/21adpO7OnLL.jpg,https://www.amazon.in/Oppo-mobile-Phone-32GB-Storage/dp/B07ZP8W2LF/ref=sr_1_40?dchild=1&keywords=Oppo+Mobiles&qid=1612346913&sr=8-40,unavailable,unavailable,unavailable,unavailable,unavailable,unavailable,unavailable,unavailable,unavailable,unavailable,unavailable,unavailable,unavailable,unavailable,unavailable,unavailable,unavailable,unavailable,unavailable,unavailable,unavailable,unavailable,unavailable,unavailable,unavailable,unavailable,unavailable,unavailable,unavailable,unavailable
"Oppo Reno3 Pro (Midnight Black, 8GB RAM, 256GB)",4.0 out of 5 stars,679,https://images-na.ssl-images-amazon.com/images/I/81dxd7vkdZL._SX679_.jpg,https://www.amazon.in/Midnight-Storage-Additional-Exchange-Offers/dp/B084457WQB/ref=sr_1_43?dchild=1&keywords=Oppo+Mobiles&qid=1612346913&sr=8-43,27990,27990,27990,27990,27990,27990,27990,27990,27990,27990,27990,27990,24990,24990,27990,27990,27990,27990,27990,27990,27990,27990,27990,27990,27990,27990,27990,27990,27990,27990
"Oppo Reno2 F (Sky White, 6GB RAM, 256GB)",4.4 out of 5 stars,12,https://images-na.ssl-images-amazon.com/images/I/51TL8Wht6%2BL._SX679_.jpg,https://www.amazon.in/Oppo-Reno2-White-256GB-Storage/dp/B08RXC85Y3/ref=sr_1_48?dchild=1&keywords=Oppo+Mobiles&qid=1612346913&sr=8-48,19990,19450,19794.99,19794.99,19748,19699.99,19699.99,19990,19990,19990,19680,19680,19990,19380,19980,unavailable,19980,19980,19898,unavailable,unavailable,unavailable,unavailable,19989,19989,unavailable,19990,19990,19990,unavailable
"Oppo Reno4 Pro (Silky White, 8GB RAM, 128GB)",4.3 out of 5 stars,411,https://images-na.ssl-images-amazon.com/images/I/81dBes518cL._SX679_.jpg,https://www.amazon.in/Reno4-Storage-Additional-Exchange-Offers/dp/B089MS7L7P/ref=sr_1_58?dchild=1&keywords=Oppo+Mobiles&qid=1612346916&sr=8-58,34990,34990,34990,34990,34990,34990,34990,34990,34990,34990,34990,34990,34990,34990,34990,34990,34990,34990,34990,34990,34990,34990,34990,34990,34990,34990,34990,34990,34990,34990
"Oppo Realme 5 Pro (6 GB RAM, 64 GB)",4.2 out of 5 stars,39,https://images-na.ssl-images-amazon.com/images/I/414P-2y0jPL.jpg,https://www.amazon.in/Oppo-Realme-Storage-Crystal-Green/dp/B07Y1N7J3D/ref=sr_1_62?dchild=1&keywords=Oppo+Mobiles&qid=1612346916&sr=8-62,unavailable,unavailable,unavailable,unavailable,unavailable,unavailable,unavailable,unavailable,unavailable,unavailable,unavailable,unavailable,unavailable,unavailable,unavailable,unavailable,unavailable,unavailable,unavailable,unavailable,unavailable,unavailable,unavailable,unavailable,unavailable,unavailable,unavailable,unavailable,unavailable,unavailable
"Oppo F5 (Red, 6GB RAM, 64GB)",4.2 out of 5 stars,440,https://images-na.ssl-images-amazon.com/images/I/61T8B4U6Z8L._SY879_.jpg,https://www.amazon.in/Oppo-F5-64GB-Storage-Offers/dp/B078CBN95Q/ref=sr_1_99?dchild=1&keywords=Oppo+Mobiles&qid=1612346927&sr=8-99,16990,16990,16990,16990,16780,16780,16780,16780,16780,unavailable,unavailable,unavailable,unavailable,unavailable,unavailable,unavailable,unavailable,unavailable,unavailable,unavailable,unavailable,unavailable,unavailable,unavailable,unavailable,unavailable,unavailable,unavailable,12990,unavailable
"Redmi 9A (Nature Green, 2GB Ram, 32GB)",4.1 out of 5 stars,14253,https://images-na.ssl-images-amazon.com/images/I/71hDPUM7VPL._SX679_.jpg,https://www.amazon.in/Redmi-9A-2GB-32GB-Storage/dp/B08696XB4B/ref=sr_1_1?dchild=1&keywords=Redmi+Mobiles&qid=1612346930&sr=8-1,6999,6999,6999,6999,6999,6799,6799,6799,6799,6999,6999,6999,6999,6999,6999,6999,6799,6799,6799,6799,6799,6799,6799,6999,6999,6999,6999,6999,6999,6999
"Redmi 9 (Sky Blue, 4GB RAM, 64GB)",4.0 out of 5 stars,11672,https://images-na.ssl-images-amazon.com/images/I/71A9Vo1BatL._SX679_.jpg,https://www.amazon.in/Redmi-Sky-Blue-64GB-Storage/dp/B08697N43N/ref=sr_1_2?dchild=1&keywords=Redmi+Mobiles&qid=1612346930&sr=8-2,8999,8999,8999,8999,8999,8999,8999,8999,8999,8999,8999,8999,8999,8999,8999,8999,8799,8799,8799,8799,8799,8799,8799,8999,8999,8999,8999,8999,8799,8799
"Redmi 9A (Sea Blue, 2GB Ram, 32GB)",4.1 out of 5 stars,14253,https://images-na.ssl-images-amazon.com/images/I/71hDPUM7VPL._SX679_.jpg,https://www.amazon.in/Redmi-9A-2GB-32GB-Storage/dp/B086978F2L/ref=sr_1_3?dchild=1&keywords=Redmi+Mobiles&qid=1612346930&sr=8-3,6999,6999,6999,6999,6999,6799,6799,6799,6799,6999,6999,6999,6999,6999,6999,6999,6799,6799,6799,6799,6799,6799,6999,6999,6999,6999,6999,6999,6999,6999
"Redmi 9 Prime (Mint Green, 4GB RAM, 64GB)",4.2 out of 5 stars,14888,https://images-na.ssl-images-amazon.com/images/I/71TwXw2LQRL._SX679_.jpg,https://www.amazon.in/Redmi-Prime-Storage-Display-Camera/dp/B08697MJDK/ref=sr_1_4?dchild=1&keywords=Redmi+Mobiles&qid=1612346930&sr=8-4,9999,9499,9499,9499,9499,9499,9499,9999,9999,9999,9999,9999,9499,9499,9499,9499,9499,9499,9499,9499,9499,9499,9499,9499,9499,9499,9499,9499,9499,9499
"Redmi 8A Dual (Sky White, 3GB RAM, 64GB)",4.1 out of 5 stars,35771,https://images-na.ssl-images-amazon.com/images/I/710p2f-zAdL._SX679_.jpg,https://www.amazon.in/Redmi-8A-Dual-White-Storage/dp/B086977J48/ref=sr_1_5?dchild=1&keywords=Redmi+Mobiles&qid=1612346930&sr=8-5,8299,7499,7999,7999,8299,7999,7999,7999,7999,7999,8299,8299,8999,8999,8999,8999,8999,8999,8999,8999,8499,8525,8525,9299,9299,8498,7439,8999,8788,7499
"Redmi Note 9 (Pebble Grey, 4GB RAM 64GB)",4.2 out of 5 stars,27537,https://images-na.ssl-images-amazon.com/images/I/716tvc8pVEL._SX679_.jpg,https://www.amazon.in/Redmi-Note-Pebble-Grey-Storage/dp/B086977TR6/ref=sr_1_6?dchild=1&keywords=Redmi+Mobiles&qid=1612346930&sr=8-6,11999,13999,13999,13999,11999,11999,11999,11999,11999,11999,11999,11999,11499,11499,11499,11499,10999,10999,10999,10999,10999,10999,10999,10999,10999,10999,10999,13999,10999,10999
"Redmi Note 9 Pro (Interstellar Black, 4GB RAM, 64GB)",4.2 out of 5 stars,34204,https://images-na.ssl-images-amazon.com/images/I/811axeBSeRL._SX679_.jpg,https://www.amazon.in/Redmi-Note-Pro-Interstellar-Snapdragon/dp/B077PWBC78/ref=sr_1_7?dchild=1&keywords=Redmi+Mobiles&qid=1612346930&sr=8-7,12999,12999,12999,12999,12999,12999,12999,12999,12999,12999,12999,12999,12999,12999,12999,12999,11999,11999,11999,11999,12999,12999,12999,12999,12999,12999,12999,12999,12999,12999
"Redmi 9 Prime (Matte Black, 4GB RAM, 128GB)",4.2 out of 5 stars,14888,https://images-na.ssl-images-amazon.com/images/I/71TwXw2LQRL._SX679_.jpg,https://www.amazon.in/Redmi-Prime-Storage-Display-Camera/dp/B08699CZBC/ref=sr_1_8?dchild=1&keywords=Redmi+Mobiles&qid=1612346930&sr=8-8,10999,10999,10999,10999,10999,10999,10999,10999,10999,10999,10999,10999,10999,10999,10999,10999,10999,10999,10999,10999,10999,10999,10999,10999,10999,10999,10999,10999,10999,10999
"Redmi 8A Dual (Sky White, 2GB RAM, 32GB)",4.1 out of 5 stars,35771,https://images-na.ssl-images-amazon.com/images/I/710p2f-zAdL._SX679_.jpg,https://www.amazon.in/Redmi-8A-Dual-White-Storage/dp/B07X1KSWZ3/ref=sr_1_11?dchild=1&keywords=Redmi+Mobiles&qid=1612346930&sr=8-11,7499,7499,7499,7499,7499,7499,7499,7499,7499,7499,7499,7499,7499,7499,7499,7499,unavailable,unavailable,8999,8999,8756,8299,8299,7499,7499,7499,7499,8999,7499,7499
"Redmi 8A Dual (Sea Blue, 3GB RAM, 64GB)",4.1 out of 5 stars,35771,https://images-na.ssl-images-amazon.com/images/I/710p2f-zAdL._SX679_.jpg,https://www.amazon.in/Redmi-8A-Dual-Blue-Storage/dp/B08698559Z/ref=sr_1_12?dchild=1&keywords=Redmi+Mobiles&qid=1612346930&sr=8-12,8299,7499,7499,7499,7999,7999,7999,7999,7999,7999,7999,7999,8999,8999,8999,8999,8999,8999,8999,8999,8756,8299,8299,8790,8790,7499,7499,8699,8695,7499
"Redmi Note 9 (Aqua Green, 4GB RAM, 64GB)",4.2 out of 5 stars,27537,https://images-na.ssl-images-amazon.com/images/I/716tvc8pVEL._SX679_.jpg,https://www.amazon.in/Redmi-Note-Aqua-Green-Storage/dp/B08695YMYC/ref=sr_1_13?dchild=1&keywords=Redmi+Mobiles&qid=1612346930&sr=8-13,11999,12999,12999,12999,11999,11999,11999,11999,11999,11999,11999,11999,11499,11499,11499,11499,10999,10999,10999,10999,10999,10999,10999,10999,10999,10999,10999,10999,10999,10999
"Redmi 9A (Midnight Black, 2GB RAM, 32GB)",4.1 out of 5 stars,14253,https://images-na.ssl-images-amazon.com/images/I/71hDPUM7VPL._SX679_.jpg,https://www.amazon.in/Redmi-9A-Midnight-2GB-32GB/dp/B08697N43G/ref=sr_1_14?dchild=1&keywords=Redmi+Mobiles&qid=1612346930&sr=8-14,6999,6999,6999,6999,6999,6799,6799,6799,6799,6999,6999,6999,6999,6999,6999,6999,6799,6799,6799,6799,6799,6799,6799,6999,6999,6999,6999,6999,6999,6999
"Redmi 9A (Nature Green, 3GB Ram, 32GB)",4.1 out of 5 stars,14253,https://images-na.ssl-images-amazon.com/images/I/71hDPUM7VPL._SX679_.jpg,https://www.amazon.in/Redmi-9A-3GB-32GB-Storage/dp/B08697N43M/ref=sr_1_15?dchild=1&keywords=Redmi+Mobiles&qid=1612346930&sr=8-15,7499,7499,7499,7499,7499,7499,7499,7499,7499,7499,7499,7499,7499,7499,7499,7499,7499,7499,7499,7499,7499,7499,7499,7499,7499,7499,7499,7499,7499,7499
"Redmi 9 (Carbon Black, 4GB RAM, 64GB)",4.0 out of 5 stars,11672,https://images-na.ssl-images-amazon.com/images/I/71A9Vo1BatL._SX679_.jpg,https://www.amazon.in/Redmi-Carbon-Black-64GB-Storage/dp/B086985T6R/ref=sr_1_16?dchild=1&keywords=Redmi+Mobiles&qid=1612346930&sr=8-16,8999,8999,8999,8999,8999,8999,8999,8999,8999,8999,8999,8999,8999,8999,8999,8999,8799,8799,8799,8799,8799,8799,8799,8999,8999,8999,8999,8999,8799,8799
"Redmi Note 9 Pro (Aurora Blue, 4GB RAM, 64GB)",4.2 out of 5 stars,34204,https://images-na.ssl-images-amazon.com/images/I/811axeBSeRL._SX679_.jpg,https://www.amazon.in/Test-Exclusive-550/dp/B077Q7GW9V/ref=sr_1_17?dchild=1&keywords=Redmi+Mobiles&qid=1612346930&sr=8-17,12999,12999,12999,12999,12999,12999,12999,12999,12999,12999,12999,12999,12999,12999,12999,12999,11999,11999,11999,11999,12999,12999,12999,12999,12999,12999,12999,12999,12999,12999
"Redmi Note 9 (Pebble Grey, 6GB RAM 128GB)",4.2 out of 5 stars,27537,https://images-na.ssl-images-amazon.com/images/I/716tvc8pVEL._SX679_.jpg,https://www.amazon.in/Redmi-Note-Pebble-128GB-Storage/dp/B08697KLYV/ref=sr_1_18?dchild=1&keywords=Redmi+Mobiles&qid=1612346930&sr=8-18,13999,13999,13999,13999,13999,13999,13999,13999,13999,13999,13999,13999,11499,11499,13999,11499,13999,13999,10999,13999,10999,10999,10999,13999,13999,10999,10999,13999,10999,10999
"Redmi Note 9 Pro Max (Aurora Blue, 6GB RAM, 64GB)",4.1 out of 5 stars,30862,https://images-na.ssl-images-amazon.com/images/I/71XpBd7i1SL._SX679_.jpg,https://www.amazon.in/Test-Exclusive-558/dp/B077PWJRFH/ref=sr_1_20?dchild=1&keywords=Redmi+Mobiles&qid=1612346933&sr=8-20,14999,14999,14999,14999,14999,unavailable,unavailable,15699,15649,15699,14999,14999,14999,14990,unavailable,unavailable,unavailable,unavailable,14990,14990,unavailable,14999,unavailable,14999,14999,unavailable,unavailable,14999,14999,unavailable
"Redmi 9 (Sporty Orange, 4GB RAM, 64GB)",4.0 out of 5 stars,11672,https://images-na.ssl-images-amazon.com/images/I/71A9Vo1BatL._SX679_.jpg,https://www.amazon.in/Redmi-Sporty-Orange-64GB-Storage/dp/B08696W3B3/ref=sr_1_22?dchild=1&keywords=Redmi+Mobiles&qid=1612346933&sr=8-22,8999,8999,8999,8999,8999,8999,8999,8999,8999,8999,8999,8999,8999,8999,8999,8999,8799,8799,8799,8799,8799,8799,8799,8999,8999,8999,8999,8999,8799,8799
"Redmi 8A Dual (Sky White, 3GB RAM, 32GB)",4.1 out of 5 stars,35771,https://images-na.ssl-images-amazon.com/images/I/710p2f-zAdL._SX679_.jpg,https://www.amazon.in/Redmi-8A-Dual-White-Storage/dp/B07X3P1N3H/ref=sr_1_23?dchild=1&keywords=Redmi+Mobiles&qid=1612346933&sr=8-23,8299,8299,8299,8299,8299,8299,8299,8299,8299,8299,8299,8299,8299,8299,8299,8299,8299,8299,8999,8999,8756,8299,8299,7999,7999,7999,7499,7999,7999,7499
"Redmi 9 Prime (Sunrise Flare, 4GB RAM, 128GB)",4.2 out of 5 stars,14888,https://images-na.ssl-images-amazon.com/images/I/71TwXw2LQRL._SX679_.jpg,https://www.amazon.in/Redmi-Prime-Sunrise-Storage-Display/dp/B086984LJ3/ref=sr_1_24?dchild=1&keywords=Redmi+Mobiles&qid=1612346933&sr=8-24,10999,10999,10999,10999,10999,10999,10999,10999,10999,10999,10999,10999,10999,10999,10999,10999,10999,10999,10999,10999,10999,10999,10999,10999,10999,10999,10999,10999,10999,10999
"Redmi 4 (Black, 3GB RAM, 32GB)",4.1 out of 5 stars,63106,https://images-na.ssl-images-amazon.com/images/I/61nzk9MGSlL._SY879_.jpg,https://www.amazon.in/Redmi-Black-3GB-32GB-Storage/dp/B01NAKU5HE/ref=sr_1_25?dchild=1&keywords=Redmi+Mobiles&qid=1612346933&sr=8-25,9499,8790,8790,8790,8790,9009,9009,9499,9499,9499,9499,9499,9499,9499,9490,9490,9499,9499,9490,9499,9499,9499,9499,9499,9499,unavailable,unavailable,unavailable,unavailable,unavailable
"Redmi Note 9 Pro Max (Aurora Blue, 6GB RAM, 128GB)",4.1 out of 5 stars,30862,https://images-na.ssl-images-amazon.com/images/I/71XpBd7i1SL._SX679_.jpg,https://www.amazon.in/Test-Exclusive-602/dp/B07HGLC2CG/ref=sr_1_26?dchild=1&keywords=Redmi+Mobiles&qid=1612346933&sr=8-26,17499,17499,17499,17499,17499,17499,17499,17499,17499,17499,17499,17499,17499,17499,17499,17499,17499,17499,17499,17499,17499,17499,17499,17499,17499,17499,17499,17499,17499,17499
Redmi 9 Power (Mighty Black 4GB RAM 64GB),3.8 out of 5 stars,3855,https://images-na.ssl-images-amazon.com/images/I/71hEzQGO5qL._SX679_.jpg,https://www.amazon.in/Test-Exclusive_2020_1112-Multi-3GB-Storage/dp/B089MS7D8F/ref=sr_1_29?dchild=1&keywords=Redmi+Mobiles&qid=1612346933&sr=8-29,10999,10999,10999,10999,10999,10999,10999,10999,10999,10999,10999,10999,10999,10999,10999,10999,10499,10499,10499,10499,10499,10499,10499,10999,10999,10999,10999,10999,10499,10499
"Redmi 9 Power (Blazing Blue, 4GB RAM, 64GB)",3.8 out of 5 stars,3855,https://images-na.ssl-images-amazon.com/images/I/71hEzQGO5qL._SX679_.jpg,https://www.amazon.in/Test-Exclusive_2020_1113-Multi-3GB-Storage/dp/B089MS8XQ3/ref=sr_1_30?dchild=1&keywords=Redmi+Mobiles&qid=1612346933&sr=8-30,10999,10999,10999,10999,10999,10999,10999,10999,10999,10999,10999,10999,10999,10999,10999,10999,10499,10499,10499,10499,10499,10499,10499,10999,10999,10999,10999,10999,10499,10499
"Redmi Note 9 Pro Max (Interstellar Black, 6GB RAM, 64GB)",4.1 out of 5 stars,30862,https://images-na.ssl-images-amazon.com/images/I/71XpBd7i1SL._SX679_.jpg,https://www.amazon.in/Test-Exclusive-557/dp/B077PWJ8RS/ref=sr_1_32?dchild=1&keywords=Redmi+Mobiles&qid=1612346933&sr=8-32,14999,14999,14999,14999,14999,14999,14999,14999,14999,14999,14999,14999,14999,14999,14999,14999,14999,14999,14999,14999,14999,14999,14999,14999,14999,14999,14999,14999,14999,14999
"Redmi Note 9 (Arctic White, 6GB RAM 128GB)",4.2 out of 5 stars,27537,https://images-na.ssl-images-amazon.com/images/I/716tvc8pVEL._SX679_.jpg,https://www.amazon.in/Redmi-Note-Arctic-White-Storage/dp/B08696W399/ref=sr_1_35?dchild=1&keywords=Redmi+Mobiles&qid=1612346937&sr=8-35,13999,13999,13999,13999,13999,13999,13999,13999,13999,13999,13999,13999,13999,13999,13999,13999,13999,13999,13999,13999,13999,13999,13999,13999,13999,13999,13999,10999,10999,13999
"Redmi Note 9 Pro (Glacier White, 4GB RAM, 64GB)",4.2 out of 5 stars,34204,https://images-na.ssl-images-amazon.com/images/I/811axeBSeRL._SX679_.jpg,https://www.amazon.in/Test-Exclusive-551/dp/B0784D862L/ref=sr_1_36?dchild=1&keywords=Redmi+Mobiles&qid=1612346937&sr=8-36,12999,12999,12999,12999,12999,12999,12999,12999,12999,12999,12999,12999,12999,12999,12999,12999,11999,11999,11999,11999,12999,12999,12999,12999,12999,12999,12999,12999,12999,12999
"Redmi Note 9 Pro (Champagne Gold, 4GB RAM, 64GB)",4.2 out of 5 stars,34204,https://images-na.ssl-images-amazon.com/images/I/811axeBSeRL._SX679_.jpg,https://www.amazon.in/Redmi-Note-Pro-Champagne-Storage/dp/B08696XB45/ref=sr_1_37?dchild=1&keywords=Redmi+Mobiles&qid=1612346937&sr=8-37,12999,12999,12999,12999,12999,12999,12999,12999,12999,12999,12999,12999,12999,12999,12999,12999,11999,11999,11999,11999,12999,12999,12999,12999,12999,12999,12999,12999,12999,12999
"Redmi 9 Power (Electric Green, 4GB RAM, 64GB)",3.8 out of 5 stars,3855,https://images-na.ssl-images-amazon.com/images/I/71hEzQGO5qL._SX679_.jpg,https://www.amazon.in/Test-Exclusive_2020_1111-Multi-3GB-Storage/dp/B089MS8HPF/ref=sr_1_38?dchild=1&keywords=Redmi+Mobiles&qid=1612346937&sr=8-38,10999,10999,10999,10999,10999,10999,10999,10999,10999,10999,10999,10999,10999,10999,10999,10999,10499,10499,10499,10499,10499,10499,10499,10999,10999,10999,10999,10999,10499,10499
"Redmi Note 8 Pro (Electric Blue, 6GB RAM, 128GB)",4.3 out of 5 stars,96053,https://images-na.ssl-images-amazon.com/images/I/51da%2B8RxEWL._SX679_.jpg,https://www.amazon.in/Redmi-Note-Pro-Electric-Processor/dp/B07X4R4F47/ref=sr_1_51?dchild=1&keywords=Redmi+Mobiles&qid=1612346943&sr=8-51,16990,unavailable,15999,15999,unavailable,unavailable,unavailable,unavailable,unavailable,unavailable,unavailable,unavailable,unavailable,unavailable,unavailable,unavailable,unavailable,unavailable,unavailable,17980,17980,unavailable,unavailable,17999,17999,17990,17890,17390,17590,17590
"Redmi Note 9 (Aqua Green, 4GB RAM 128GB)",4.2 out of 5 stars,27537,https://images-na.ssl-images-amazon.com/images/I/716tvc8pVEL._SX679_.jpg,https://www.amazon.in/Redmi-Note-Green-128GB-Storage/dp/B08696ZMPF/ref=sr_1_52?dchild=1&keywords=Redmi+Mobiles&qid=1612346943&sr=8-52,12999,12999,12999,12999,12999,12999,12999,12999,12999,12999,12999,12999,12999,12999,12999,12999,12999,12999,12999,12999,12999,12999,12999,12999,12999,12999,12999,12999,12999,12999
"Redmi 9 Power (Mighty Black, 4GB RAM, 128GB)",3.8 out of 5 stars,3855,https://images-na.ssl-images-amazon.com/images/I/71hEzQGO5qL._SX679_.jpg,https://www.amazon.in/Test-Exclusive_2020_1118-Multi-3GB-Storage/dp/B089MTT7TX/ref=sr_1_53?dchild=1&keywords=Redmi+Mobiles&qid=1612346943&sr=8-53,11999,11999,11999,11999,11999,11999,11999,11999,11999,unavailable,unavailable,unavailable,10999,unavailable,10999,unavailable,11999,11999,11999,11999,11999,11999,11999,11999,11999,11999,11999,11999,11999,11999
"Redmi 6 (Black, 3GB RAM, 64GB)",4.1 out of 5 stars,11168,https://images-na.ssl-images-amazon.com/images/I/31M49AYSfVL.jpg,https://www.amazon.in/Redmi-Black-3GB-64GB-Storage/dp/B07R9RSB2T/ref=sr_1_54?dchild=1&keywords=Redmi+Mobiles&qid=1612346943&sr=8-54,9490,unavailable,unavailable,unavailable,9490,8499,8499,8499,unavailable,8890,8890,8890,unavailable,8500,unavailable,unavailable,unavailable,unavailable,8299,8299,unavailable,8890,8890,unavailable,unavailable,unavailable,unavailable,unavailable,unavailable,unavailable
"Redmi 9 Power (Electric Green, 4GB RAM, 128GB)",3.8 out of 5 stars,3855,https://images-na.ssl-images-amazon.com/images/I/71hEzQGO5qL._SX679_.jpg,https://www.amazon.in/Test-Exclusive_2020_1116-Multi-3GB-Storage/dp/B089MVCS5G/ref=sr_1_57?dchild=1&keywords=Redmi+Mobiles&qid=1612346943&sr=8-57,11999,11999,11999,11999,11999,11999,11999,11999,11999,11999,unavailable,unavailable,10999,11999,10999,unavailable,11999,11999,11999,11999,11999,11999,11999,11999,11999,11999,11999,11999,11999,11999
"Redmi Note 9 (Scarlet Red, 6GB RAM 128GB)",4.2 out of 5 stars,27537,https://images-na.ssl-images-amazon.com/images/I/716tvc8pVEL._SX679_.jpg,https://www.amazon.in/Redmi-Note-Scarlet-128GB-Storage/dp/B08696LQL2/ref=sr_1_58?dchild=1&keywords=Redmi+Mobiles&qid=1612346943&sr=8-58,11999,unavailable,12999,12999,11999,11999,11999,11999,11999,11999,11999,11999,unavailable,11499,11499,11499,10999,10999,10999,10999,10999,unavailable,10999,10999,10999,10999,10999,10999,10999,10999
"Redmi Note 9 Pro Max (Champagne Gold, 6GB RAM, 64GB)",4.1 out of 5 stars,30862,https://images-na.ssl-images-amazon.com/images/I/71XpBd7i1SL._SX679_.jpg,https://www.amazon.in/Redmi-Note-Pro-Max-64GB/dp/B086985WZY/ref=sr_1_65?dchild=1&keywords=Redmi+Mobiles&qid=1612346947&sr=8-65,14999,14999,14999,14999,14999,14999,14999,14999,14999,14999,14999,14999,14999,14999,14999,14999,14999,14999,14999,14999,14999,14999,14999,14999,14999,14999,14999,14999,14999,14999
"Mi Redmi 6A (Black, 2GB RAM, 16GB)",4.2 out of 5 stars,20234,https://images-na.ssl-images-amazon.com/images/I/718oiyc2qlL._SY879_.jpg,https://www.amazon.in/Redmi-6A-Black-2GBRAM-Storage/dp/B077PW9V3J/ref=sr_1_67?almBrandId=ctnow&dchild=1&fpw=alm&keywords=Redmi+Mobiles&qid=1612346947&sr=8-67,unavailable,unavailable,unavailable,unavailable,unavailable,unavailable,unavailable,unavailable,unavailable,unavailable,unavailable,unavailable,unavailable,unavailable,unavailable,unavailable,unavailable,unavailable,unavailable,unavailable,unavailable,unavailable,unavailable,unavailable,unavailable,unavailable,unavailable,unavailable,unavailable,unavailable
"Redmi 9 Prime (Mint Green, 4GB RAM, 128GB)",4.2 out of 5 stars,14888,https://images-na.ssl-images-amazon.com/images/I/71TwXw2LQRL._SX679_.jpg,https://www.amazon.in/Redmi-Prime-Storage-Display-Camera/dp/B086984LJ4/ref=sr_1_68?dchild=1&keywords=Redmi+Mobiles&qid=1612346947&sr=8-68,10999,10999,10999,10999,10999,10999,10999,10999,10999,10999,10999,10999,10999,10999,10999,10999,10999,10999,10999,10999,10999,10999,10999,10999,10999,10999,10999,10999,10999,10999
"Redmi Note 4 (Grey, 4GB RAM, 64GB)",4.2 out of 5 stars,4129,https://images-na.ssl-images-amazon.com/images/I/81SVaytdKUL._SY879_.jpg,https://www.amazon.in/Redmi-Note-Grey-64GB-Storage/dp/B078BN2H39/ref=sr_1_70?dchild=1&keywords=Redmi+Mobiles&qid=1612346947&sr=8-70,11010,11010,11010,11010,12990,12990,12990,15999,15999,15999,13000,13000,11599,13999,15999,11290,15999,15999,15999,15999,15999,15999,15999,11599,11599,11599,15999,15999,15999,15999
"Redmi 6 Pro (Blue, 4GB RAM, 64GB)",4.1 out of 5 stars,56702,https://images-na.ssl-images-amazon.com/images/I/71ha0V0c8kL._SY879_.jpg,https://www.amazon.in/Redmi-Pro-Blue-64GB-Storage/dp/B07DJHR5DY/ref=sr_1_72?dchild=1&keywords=Redmi+Mobiles&qid=1612346947&sr=8-72,12148,12148,12148,12148,12148,12148,12148,unavailable,unavailable,unavailable,unavailable,unavailable,unavailable,unavailable,unavailable,unavailable,unavailable,unavailable,unavailable,unavailable,unavailable,unavailable,unavailable,unavailable,unavailable,unavailable,unavailable,11399,11399,11399
"Redmi Y2 (Gold, 3GB RAM, 32GB)",4.3 out of 5 stars,2773,https://images-na.ssl-images-amazon.com/images/I/81MWLaSqduL._SY879_.jpg,https://www.amazon.in/Redmi-Y2-Gold-32GB-Storage/dp/B077PWB22Y/ref=sr_1_74?dchild=1&keywords=Redmi+Mobiles&qid=1612346947&sr=8-74,10499,10499,10499,10499,unavailable,unavailable,unavailable,unavailable,unavailable,unavailable,unavailable,unavailable,unavailable,unavailable,unavailable,unavailable,unavailable,unavailable,unavailable,unavailable,unavailable,unavailable,unavailable,unavailable,unavailable,unavailable,unavailable,unavailable,unavailable,unavailable
"Redmi 6 (Black, 3GB RAM, 32GB)",4.1 out of 5 stars,11168,https://images-na.ssl-images-amazon.com/images/I/31M49AYSfVL.jpg,https://www.amazon.in/Mi-Redmi-Black-32GB-Storage/dp/B07K16XLG7/ref=sr_1_99?dchild=1&keywords=Redmi+Mobiles&qid=1612346953&sr=8-99,9490,unavailable,unavailable,unavailable,8499,8499,8499,8499,unavailable,8890,8890,8890,unavailable,8500,unavailable,unavailable,unavailable,unavailable,8299,8299,unavailable,8890,8890,unavailable,unavailable,unavailable,unavailable,unavailable,unavailable,unavailable
